,Year,Human Development Index,country_id,rigor_admin,rule_of_law,regime,civil_liberties,corruption,inf_capacity,years_colonized,state_capacity,taxation,territory_control
count,5116.0,5116.0,5116.0,5116.0,5116.0,5116.0,5116.0,5116.0,1618.0,5066.0,3841.0,4349.0,5055.0
mean,2006.2615324472245,0.6645699765441752,97.51563721657546,0.5031782642689602,0.5532179437060203,4.809812353401095,0.6931710320562939,0.5004652071931196,0.7776827812194824,100.25305961310698,0.4916247795183546,0.20764246434775813,91.938306231454
std,9.063478425538838,0.1686457252202758,56.97865997782466,1.485235132796046,0.30945835315087544,2.9163625565192173,0.2508685492490767,0.303086781350974,0.13507051765918732,124.99555733670823,0.9522549297529589,0.11724323014001341,9.437168195745953
min,1990.0,0.216,3.0,-3.617,0.009,0.0,0.026,0.002,0.18322105705738068,0.0,-2.029,0.0008580745,39.0
25%,1999.0,0.52675,52.0,-0.646,0.283,3.0,0.514,0.19975,0.7298409342765808,0.0,-0.1857,0.11314408000000001,88.5535
50%,2007.0,0.685,94.0,0.35,0.551,5.0,0.768,0.5465,0.7298409342765808,62.0,0.3503,0.17830833,95.2
75%,2014.0,0.8,146.0,1.459,0.86425,7.0,0.907,0.776,0.9039987325668335,138.0,1.071,0.30330239999999997,98.7
max,2021.0,0.962,210.0,4.046,0.999,9.0,0.977,0.969,1.0,514.0,2.964,0.6094643,100.0
